{
    "providers": [
        {
            "type": "bitmap",
            "file" : "minecraft:font/stonebreak.png",
            "ascent": 31,
            "height": 242,
            "chars" : [
                "㫭"
            ]
        },
        {
            "type": "bitmap",
            "file" : "minecraft:font/defalt8.png",
            "ascent": 31,
            "height": 242,
            "chars" : [
                "㩳"
            ]
        },

        {
            "type": "bitmap",
            "file" : "minecraft:font/banana3.png",
            "ascent": -32768,
            "height": -3,
            "chars" : [
                "鐁"
            ]
        }
    ]
}