{
    "model": {
      "type": "range_dispatch",
      "property": "custom_model_data",
      "entries": [
        {
          "threshold": 1,
          "model": {
            "type": "model",
            "model": "item/geode_0"
          }
        },
        {
          "threshold": 2,
          "model": {
            "type": "model",
            "model": "item/geode_1"
          }
        },
        {
          "threshold": 3,
          "model": {
            "type": "model",
            "model": "item/geode_2"
          }
        }
    ],
    "fallback": {
      "type": "model",
      "model": "item/turtle_scute"
    }
  }
}